"","x"
"AAACCTGCACGAAACG.1","1"
"AAAGCAACATCTATGG.1","0"
"AAAGTAGTCAAGGTAA.1","0"
"AAATGCCTCACGAAGG.1","4"
"AAATGCCTCAGAAATG.1","3"
"AACACGTAGCGTCTAT.1","2"
"AACCATGAGGTGCTAG.1","2"
"AACCATGTCTCTGCTG.1","0"
"AACGTTGAGGCAATTA.1","0"
"AACTCAGAGCCACGTC.1","5"
"AACTCAGCAATGTAAG.1","6"
"AACTCAGGTGCCTTGG.1","6"
"AACTCAGGTTAAGAAC.1","0"
"AACTCCCCACATAACC.1","0"
"AACTCCCCACGAGAGT.1","0"
"AACTGGTAGTATTGGA.1","3"
"AACTGGTCATCCTTGC.1","0"
"AACTGGTTCCCAGGTG.1","6"
"AACTGGTTCTTGTTTG.1","0"
"AACTTTCAGAAGCCCA.1","5"
"AACTTTCAGCAGGTCA.1","3"
"AACTTTCCAGATAATG.1","7"
"AACTTTCTCTCCTATA.1","8"
"AAGGAGCTCGTGACAT.1","0"
"AAGGTTCCATCACGTA.1","3"
"AAGTCTGGTGATGTCT.1","2"
"AATCCAGAGTCCGTAT.1","5"
"AATCCAGCAGACGCAA.1","0"
"AATCCAGGTTCGTCTC.1","6"
"AATCGGTCAATCAGAA.1","0"
"ACACCCTGTTTAGGAA.1","8"
"ACACCGGAGCCGTCGT.1","1"
"ACACCGGCAATGGAGC.1","1"
"ACACCGGTCGGTGTCG.1","2"
"ACACCGGTCTCTTGAT.1","2"
"ACAGCCGTCGTGGACC.1","1"
"ACAGCTACAAGACACG.1","2"
"ACAGCTACACATAACC.1","0"
"ACAGCTATCGTCCAGG.1","0"
"ACATGGTTCGCACTCT.1","3"
"ACATGGTTCGTCACGG.1","8"
"ACCAGTATCGTTACGA.1","9"
"ACCCACTCACGAAAGC.1","5"
"ACCGTAAAGAATCTCC.1","2"
"ACCGTAAAGTGACTCT.1","9"
"ACCGTAATCAACACTG.1","1"
"ACCTTTACACGAGAGT.1","1"
"ACCTTTACAGATGGGT.1","4"
"ACGAGCCAGGGAAACA.1","0"
"ACGAGCCTCGCCAGCA.1","0"
"ACGAGCCTCTGCGGCA.1","1"
"ACGAGGAAGTTACCCA.1","0"
"ACGAGGAGTAGCTGCC.1","8"
"ACGATACCATCTCCCA.1","5"
"ACGATACGTAACGTTC.1","0"
"ACGCAGCCAGGGTATG.1","9"
"ACGCCGACAAGTCTGT.1","4"
"ACGCCGACATTTCAGG.1","3"
"ACGGAGATCCAACCAA.1","4"
"ACGGCCAAGATATGGT.1","1"
"ACGGCCAAGTAGGTGC.1","3"
"ACGGGCTAGAGTACCG.1","1"
"ACGGGTCGTCGGGTCT.1","0"
"ACGTCAACACTTACGA.1","5"
"ACGTCAACATGCGCAC.1","1"
"ACGTCAAGTCCATCCT.1","1"
"ACTATCTCAACGATCT.1","0"
"ACTATCTCAATAGCAA.1","4"
"ACTATCTTCGGTTCGG.1","0"
"ACTGAGTCAGTCAGCC.1","3"
"ACTGTCCAGCACCGCT.1","3"
"ACTTGTTAGTGGTCCC.1","9"
"ACTTGTTTCTAACCGA.1","4"
"ACTTTCAAGAGGTTAT.1","0"
"ACTTTCAAGCCGGTAA.1","1"
"AGAATAGGTCTAGGTT.1","8"
"AGAATAGTCCGTACAA.1","3"
"AGAATAGTCTGTCCGT.1","1"
"AGACGTTAGAGTGACC.1","1"
"AGACGTTCACGACGAA.1","0"
"AGAGCTTTCAAACAAG.1","0"
"AGAGTGGGTGAGTGAC.1","1"
"AGAGTGGGTTACCGAT.1","3"
"AGAGTGGGTTGTCGCG.1","1"
"AGAGTGGTCAGGTTCA.1","1"
"AGATCTGAGGCTCATT.1","0"
"AGATCTGCATCTGGTA.1","1"
"AGATCTGGTACCCAAT.1","6"
"AGATTGCGTAAAGTCA.1","0"
"AGATTGCGTGTCGCTG.1","5"
"AGATTGCTCCTCTAGC.1","6"
"AGCAGCCAGTGTACCT.1","3"
"AGCAGCCCATCGATGT.1","6"
"AGCAGCCTCTTTAGTC.1","8"
"AGCATACCAATCAGAA.1","2"
"AGCCTAACACGTCTCT.1","1"
"AGCCTAAGTACGAAAT.1","1"
"AGCCTAAGTCGCATAT.1","0"
"AGCCTAAGTGCACGAA.1","8"
"AGCGTATAGAAGGTTT.1","0"
"AGCGTATGTCATCCCT.1","3"
"AGCGTCGGTTAGAACA.1","5"
"AGCTCCTCACAAGCCC.1","5"
"AGCTCCTGTCGCGAAA.1","1"
"AGCTCTCCATCGTCGG.1","0"
"AGCTCTCCATGGTCTA.1","5"
"AGGCCACAGAGAGCTC.1","1"
"AGGCCGTCAGCTCCGA.1","0"
"AGGCCGTCATGGGAAC.1","5"
"AGGCCGTTCTTGCCGT.1","0"
"AGGGAGTCATGCTGGC.1","0"
"AGGGAGTCATGGTCAT.1","9"
"AGGGAGTGTCCATGAT.1","0"
"AGGGAGTGTTGTCGCG.1","0"
"AGGGAGTTCATAGCAC.1","3"
"AGGGATGGTAAGAGAG.1","3"
"AGGGATGGTCCCTTGT.1","8"
"AGGGTGAGTGCGATAG.1","1"
"AGGGTGATCATACGGT.1","2"
"AGGTCATAGCCACGCT.1","2"
"AGGTCATAGTGGCACA.1","2"
"AGGTCATGTAGGGACT.1","3"
"AGGTCCGCAGCCACCA.1","8"
"AGGTCCGTCATCGATG.1","4"
"AGGTCCGTCGCTTAGA.1","0"
"AGTAGTCGTATCTGCA.1","2"
"AGTAGTCTCTGCTGCT.1","0"
"AGTCTTTAGTAACCCT.1","0"
"AGTCTTTTCGCCAGCA.1","1"
"AGTGAGGTCAACACAC.1","0"
"AGTGGGAAGAAGGCCT.1","1"
"AGTGGGACAATTGCTG.1","0"
"AGTTGGTGTGCATCTA.1","7"
"AGTTGGTGTGTTCGAT.1","3"
"ATAACGCGTCTAGCCG.1","4"
"ATAACGCTCGCTTGTC.1","0"
"ATAAGAGTCCGAATGT.1","0"
"ATAAGAGTCGACAGCC.1","0"
"ATAGACCAGATCACGG.1","1"
"ATAGACCGTATTAGCC.1","0"
"ATAGACCGTGCCTGGT.1","1"
"ATCACGAGTAAGGGAA.1","7"
"ATCATCTTCAAACGGG.1","2"
"ATCCACCGTCTCTTAT.1","0"
"ATCCGAACAATCCGAT.1","7"
"ATCGAGTCATATACGC.1","7"
"ATCTACTCAAGCCATT.1","7"
"ATCTACTCAATGGATA.1","0"
"ATCTGCCCAGCCTTTC.1","2"
"ATCTGCCCATGCCACG.1","7"
"ATGCGATTCGGTTAAC.1","6"
"ATGTGTGTCGTCGTTC.1","9"
"ATTACTCTCTGTACGA.1","4"
"ATTATCCAGGCGATAC.1","8"
"ATTATCCTCCAGGGCT.1","9"
"ATTCTACTCACCATAG.1","2"
"ATTGGACGTCAGAGGT.1","0"
"ATTGGACTCACTATTC.1","5"
"ATTGGTGTCGAATCCA.1","0"
"ATTGGTGTCGTAGGTT.1","5"
"ATTTCTGCACTGCCAG.1","3"
"ATTTCTGTCGCTAGCG.1","1"
"CAACCAAAGAACTGTA.1","0"
"CAACCTCCAAGCTGTT.1","6"
"CAACTAGAGTCTCGGC.1","2"
"CAACTAGCACCTTGTC.1","0"
"CAACTAGCATGCATGT.1","8"
"CAACTAGGTGTCTGAT.1","0"
"CAAGAAAGTAACGTTC.1","2"
"CAAGAAATCTCAACTT.1","1"
"CAAGATCCACGGTGTC.1","0"
"CAAGGCCAGTGTGGCA.1","8"
"CAAGTTGTCATTCACT.1","2"
"CAAGTTGTCTCGCATC.1","3"
"CACACAACAAAGTGCG.1","0"
"CACACAAGTCTGATTG.1","0"
"CACACCTTCGACAGCC.1","9"
"CACACTCCATGTTCCC.1","0"
"CACACTCTCGAGCCCA.1","5"
"CACAGGCGTTATCGGT.1","2"
"CACATAGTCCCATTTA.1","3"
"CACATAGTCGTTACGA.1","5"
"CACCACTAGATGCCTT.1","1"
"CACCACTCAAGAAAGG.1","0"
"CACCTTGAGGGTGTTG.1","0"
"CACCTTGCACAAGTAA.1","0"
"CACTCCAAGGTAAACT.1","1"
"CACTCCAAGGTCGGAT.1","0"
"CACTCCATCGTCCAGG.1","1"
"CACTCCATCTATGTGG.1","0"
"CAGAATCAGAATTCCC.1","5"
"CAGAATCCACAGACAG.1","0"
"CAGAATCCATTAACCG.1","3"
"CAGAATCTCCTTCAAT.1","0"
"CAGAATCTCTCATTCA.1","5"
"CAGATCAGTGAGCGAT.1","1"
"CAGATCAGTTCGCGAC.1","6"
"CAGCAGCCATCGTCGG.1","1"
"CAGCAGCGTTGAGTTC.1","3"
"CAGCATAGTCGCTTCT.1","3"
"CAGCATATCTGTTGAG.1","0"
"CAGCATATCTTGTACT.1","5"
"CAGCGACAGATGTGGC.1","6"
"CAGCTAAAGCTCCCAG.1","0"
"CAGCTGGAGGGAACGG.1","0"
"CAGCTGGGTCACAAGG.1","1"
"CAGCTGGTCGTCTGCT.1","0"
"CAGGTGCCACAAGACG.1","2"
"CAGTAACAGTCCATAC.1","0"
"CAGTAACCATTTGCTT.1","9"
"CAGTAACGTCGGCTCA.1","6"
"CAGTAACGTTCAGTAC.1","8"
"CAGTCCTGTTGTTTGG.1","1"
"CATATGGAGTGGTCCC.1","0"
"CATATGGAGTTGTAGA.1","3"
"CATATGGTCCATGCTC.1","1"
"CATATGGTCTCCAACC.1","7"
"CATATTCCAATGGACG.1","8"
"CATCCACTCAGGTTCA.1","4"
"CATCGAAAGATCTGAA.1","0"
"CATCGAACAGATGGGT.1","6"
"CATCGAAGTAGAAAGG.1","8"
"CATCGGGAGCTAACTC.1","8"
"CATCGGGCAATAGAGT.1","6"
"CATGACAGTTTGACAC.1","0"
"CATGCCTGTTCGTGAT.1","0"
"CATTATCAGAGCTTCT.1","1"
"CATTATCCACGACTCG.1","1"
"CATTATCGTCTAAACC.1","0"
"CATTCGCTCGCAAGCC.1","0"
"CCAATCCAGGATGCGT.1","0"
"CCACCTAAGAGACTAT.1","7"
"CCACCTATCACCCTCA.1","1"
"CCACTACCAATCTGCA.1","9"
"CCACTACGTACAGTGG.1","3"
"CCACTACGTGAAATCA.1","4"
"CCACTACGTGATGCCC.1","0"
"CCACTACGTGGTCTCG.1","2"
"CCACTACTCCGCATAA.1","0"
"CCAGCGATCCCGACTT.1","0"
"CCAGCGATCCCTAACC.1","0"
"CCATGTCAGCGTGAAC.1","0"
"CCATTCGAGTGGTAAT.1","2"
"CCATTCGCAGTATGCT.1","1"
"CCATTCGCAGTTAACC.1","6"
"CCATTCGGTTGCCTCT.1","2"
"CCCAATCCACCTGGTG.1","0"
"CCCAGTTGTAAACCTC.1","2"
"CCCATACGTCAACATC.1","2"
"CCCATACTCAGTCAGT.1","1"
"CCCTCCTGTCATCCCT.1","3"
"CCGGGATGTTCGCGAC.1","0"
"CCGGGATTCTCCAGGG.1","8"
"CCGTACTGTACAGTGG.1","0"
"CCGTACTGTCGCATAT.1","0"
"CCGTGGAAGGGCTCTC.1","8"
"CCGTGGAGTAAACACA.1","3"
"CCGTGGATCTGCGTAA.1","0"
"CCGTTCAAGACAGAGA.1","1"
"CCGTTCAGTAGCTGCC.1","0"
"CCTACACTCACTTATC.1","1"
"CCTACCACAGCTGCAC.1","1"
"CCTAGCTCATGATCCA.1","1"
"CCTATTAAGTCACGCC.1","0"
"CCTCAGTCATAGTAAG.1","2"
"CCTCAGTTCCGCGGTA.1","1"
"CCTTACGAGGAGTAGA.1","6"
"CCTTCCCGTCATCGGC.1","1"
"CCTTTCTCATGACGGA.1","2"
"CCTTTCTGTTGCGTTA.1","8"
"CGAACATAGGTGTTAA.1","7"
"CGAACATCAAGGACTG.1","0"
"CGACCTTAGTCGCCGT.1","0"
"CGACCTTCATCTCCCA.1","3"
"CGAGAAGAGACTACAA.1","0"
"CGAGAAGCAACTGGCC.1","0"
"CGAGAAGTCGCGTAGC.1","4"
"CGAGCCAGTAAGGGCT.1","0"
"CGAGCCAGTGACTCAT.1","5"
"CGAGCCATCCCATTAT.1","0"
"CGATCGGCAGGTGCCT.1","0"
"CGATGGCGTAGCGATG.1","0"
"CGATGTAAGATACACA.1","0"
"CGATGTAGTCCAGTTA.1","4"
"CGCCAAGCAATACGCT.1","0"
"CGCGGTAGTATATGGA.1","1"
"CGCGGTATCCAAATGC.1","0"
"CGCGTTTGTAAGAGAG.1","1"
"CGCTATCCATCCGCGA.1","1"
"CGCTGGACAGTAACGG.1","0"
"CGCTGGACATTCACTT.1","1"
"CGCTGGATCAACACCA.1","0"
"CGCTTCACAAGTTCTG.1","0"
"CGCTTCATCGGATGGA.1","0"
"CGCTTCATCGTTTAGG.1","1"
"CGGACTGAGGCAAAGA.1","2"
"CGGACTGCACACCGAC.1","7"
"CGGACTGTCATACGGT.1","2"
"CGGACTGTCGGACAAG.1","1"
"CGGAGCTAGCGCCTTG.1","0"
"CGGAGCTAGGAACTGC.1","0"
"CGGTTAAAGGACATTA.1","7"
"CGGTTAAGTTCCACGG.1","7"
"CGTAGCGCACCTCGTT.1","7"
"CGTAGCGCACGGCTAC.1","1"
"CGTAGGCAGAGACGAA.1","4"
"CGTCACTGTTTGTGTG.1","7"
"CGTCAGGAGTGCCAGA.1","0"
"CGTCAGGGTTTGTTGG.1","3"
"CGTCCATCACGGCGTT.1","0"
"CGTCCATGTATATCCG.1","6"
"CGTCTACGTGAACCTT.1","4"
"CGTCTACTCGCACTCT.1","0"
"CGTGAGCAGGATATAC.1","0"
"CGTGAGCTCCTCTAGC.1","1"
"CGTGTCTCATACTCTT.1","4"
"CGTGTCTGTATATGGA.1","3"
"CGTTAGAGTGCTCTTC.1","3"
"CGTTGGGGTTCGGCAC.1","1"
"CGTTGGGTCAGGATCT.1","1"
"CTAACTTCACAGGCCT.1","3"
"CTAACTTCATCCGCGA.1","3"
"CTAATGGAGCACGCCT.1","0"
"CTAATGGAGCCCTAAT.1","6"
"CTAATGGTCTGCTGCT.1","4"
"CTACACCTCGAGAGCA.1","1"
"CTACATTGTACCGCTG.1","8"
"CTACATTGTATGAAAC.1","0"
"CTACATTTCAGCCTAA.1","0"
"CTACCCACATGCAATC.1","9"
"CTACCCAGTGACAAAT.1","0"
"CTACCCAGTTCAGCGC.1","4"
"CTACGTCAGACGCACA.1","4"
"CTACGTCCACCGTTGG.1","0"
"CTAGAGTCATAACCTG.1","4"
"CTAGAGTCATATGAGA.1","1"
"CTAGCCTTCTGTGCAA.1","8"
"CTAGTGAAGCCTATGT.1","0"
"CTAGTGAAGCGCCTCA.1","1"
"CTAGTGAAGTGCCATT.1","5"
"CTAGTGAGTCTGATCA.1","3"
"CTAGTGAGTGCAGTAG.1","4"
"CTAGTGAGTGTGCGTC.1","9"
"CTCAGAAAGAAGGTTT.1","9"
"CTCAGAACACCTATCC.1","5"
"CTCATTACATTTCAGG.1","5"
"CTCATTAGTTCGTGAT.1","1"
"CTCCTAGTCAGTTTGG.1","6"
"CTCCTAGTCCGTAGTA.1","0"
"CTCGAAAGTCGCATAT.1","5"
"CTCGAAATCGGCATCG.1","2"
"CTCGGAGTCACAACGT.1","0"
"CTCGTACCAGCTGCTG.1","0"
"CTCGTACGTAAGAGGA.1","0"
"CTCGTCAAGGGAAACA.1","4"
"CTCGTCAGTCACTGGC.1","0"
"CTCGTCATCGTGGGAA.1","2"
"CTCTAATGTTACGTCA.1","1"
"CTCTACGTCTCGTTTA.1","1"
"CTCTGGTCAACGCACC.1","1"
"CTGAAACCAACACCTA.1","0"
"CTGAAACGTACTTAGC.1","0"
"CTGAAACTCAGTGCAT.1","2"
"CTGAAACTCTATCCTA.1","2"
"CTGAAGTAGACCTAGG.1","0"
"CTGAAGTAGAGAGCTC.1","0"
"CTGATAGCACTAAGTC.1","4"
"CTGATAGTCTCACATT.1","5"
"CTGATCCGTGATGCCC.1","1"
"CTGATCCTCCAATGGT.1","1"
"CTGCCTAAGACGCAAC.1","2"
"CTGCCTAAGCGGATCA.1","2"
"CTGCCTAAGTACTTGC.1","0"
"CTGCCTAAGTCACGCC.1","0"
"CTGCGGACAGAGTGTG.1","0"
"CTGCTGTAGTGTTAGA.1","2"
"CTGCTGTCAGCGATCC.1","4"
"CTGCTGTGTGCGCTTG.1","0"
"CTGCTGTGTTCCACTC.1","2"
"CTGGTCTAGAGCCTAG.1","2"
"CTGGTCTAGCATCATC.1","9"
"CTGTGCTCACTCAGGC.1","3"
"CTGTGCTTCGGAAACG.1","3"
"CTTAACTTCGAGAGCA.1","0"
"CTTACCGGTCTAGAGG.1","2"
"CTTAGGACATCGGAAG.1","1"
"CTTAGGAGTTACGGAG.1","0"
"CTTAGGATCATTTGGG.1","0"
"CTTCTCTCAAGGGTCA.1","0"
"CTTGGCTCAAGGTTCT.1","0"
"CTTGGCTGTAATCGTC.1","0"
"CTTTGCGTCTCGCATC.1","0"
"GAAACTCAGGCTCAGA.1","0"
"GAAATGAGTAGCGCAA.1","0"
"GAAATGAGTGCACCAC.1","5"
"GAACCTATCTGTCCGT.1","4"
"GAAGCAGGTCCTCCAT.1","0"
"GAAGCAGTCTCCTATA.1","5"
"GAATAAGCAACGATGG.1","1"
"GAATGAAAGAGCAATT.1","0"
"GAATGAACACATGACT.1","0"
"GACACGCAGCTCCTTC.1","1"
"GACACGCTCAGGCAAG.1","2"
"GACAGAGAGCTGAAAT.1","0"
"GACAGAGAGGGTCGAT.1","7"
"GACCAATGTAGCGTGA.1","1"
"GACCAATGTTCTGAAC.1","0"
"GACCTGGAGAAACCGC.1","5"
"GACCTGGAGCTGAACG.1","3"
"GACCTGGCAAGACGTG.1","7"
"GACCTGGCAGCTTCGG.1","0"
"GACGCGTTCACGCATA.1","2"
"GACGGCTTCAGATAAG.1","1"
"GACGTGCGTTCTGGTA.1","0"
"GACTACAAGAGGTAGA.1","0"
"GACTGCGCAGTCGATT.1","8"
"GAGGTGACAGACGCTC.1","6"
"GAGGTGATCTTGAGAC.1","0"
"GAGTCCGGTTAAGATG.1","1"
"GATCAGTAGAGGACGG.1","3"
"GATCAGTGTCCTCCAT.1","5"
"GATCAGTGTTACAGAA.1","6"
"GATCGATTCGCTTAGA.1","6"
"GATCGATTCTAACTCT.1","3"
"GATCGCGCAGCTGCTG.1","0"
"GATCTAGCAGACGTAG.1","0"
"GATGAGGCACCATGTA.1","7"
"GATGCTAGTTGTCTTT.1","2"
"GATGCTATCACATGCA.1","0"
"GATTCAGTCTAGAGTC.1","6"
"GCAAACTCACTGTTAG.1","0"
"GCAAACTGTGCCTTGG.1","5"
"GCAAACTTCGCCAAAT.1","1"
"GCAATCACAGCTATTG.1","0"
"GCACTCTGTAGTAGTA.1","1"
"GCACTCTGTCCATGAT.1","0"
"GCACTCTGTCGCCATG.1","7"
"GCACTCTTCTCGCTTG.1","1"
"GCAGCCACAGACGCCT.1","8"
"GCATACAAGCAATCTC.1","0"
"GCATGATTCTGTCTCG.1","1"
"GCATGCGGTATCACCA.1","3"
"GCATGCGTCGTTTATC.1","6"
"GCATGTACAATACGCT.1","2"
"GCATGTATCCGTACAA.1","7"
"GCCAAATTCGTACGGC.1","4"
"GCCTCTAAGGACAGCT.1","0"
"GCCTCTAAGTACGCGA.1","1"
"GCCTCTAGTCTAGCCG.1","5"
"GCCTCTAGTTATGTGC.1","0"
"GCGACCAAGGCTATCT.1","2"
"GCGAGAAAGACCTTTG.1","1"
"GCGAGAAGTTATCGGT.1","4"
"GCGCAGTAGACCCACC.1","1"
"GCGCAGTCAGATGAGC.1","4"
"GCGCAGTTCCTAGAAC.1","2"
"GCGCCAATCACGACTA.1","1"
"GCTCTGTAGTGGTAAT.1","4"
"GCTGCAGGTAGTACCT.1","4"
"GCTGCGAGTCCGAAGA.1","1"
"GCTGGGTGTAGGACAC.1","1"
"GCTTGAATCGGTCCGA.1","8"
"GGAAAGCGTAGAGTGC.1","6"
"GGAACTTCAGACAGGT.1","0"
"GGAACTTGTATAAACG.1","1"
"GGAATAATCTTACCGC.1","1"
"GGACAAGAGTAGTGCG.1","3"
"GGACAAGGTACATGTC.1","0"
"GGACATTCAAGCCATT.1","0"
"GGACATTGTACAAGTA.1","0"
"GGACGTCGTAAGGATT.1","0"
"GGACGTCTCCGTCAAA.1","2"
"GGAGCAACACCAGGCT.1","5"
"GGAGCAAGTAAGGATT.1","0"
"GGATGTTAGAATTGTG.1","8"
"GGATGTTGTTAAAGAC.1","6"
"GGATTACAGCTAACTC.1","2"
"GGCCGATGTTCGCGAC.1","4"
"GGCCGATTCCGAAGAG.1","6"
"GGCGACTCAGACGCAA.1","0"
"GGCGACTCATCGGTTA.1","0"
"GGCTGGTGTAGCTAAA.1","2"
"GGGAATGAGTCAAGCG.1","6"
"GGGAATGAGTGTTTGC.1","4"
"GGGAATGGTAGCCTAT.1","2"
"GGGAATGTCGGTCCGA.1","2"
"GGGACCTTCCGCATCT.1","0"
"GGGATGAGTCTTCGTC.1","3"
"GGGCACTTCCTAAGTG.1","1"
"GGGCATCGTAGAGTGC.1","2"
"GGGTCTGCAGATAATG.1","5"
"GGGTTGCCAAGTTAAG.1","1"
"GGTATTGTCACAGGCC.1","8"
"GGTGAAGCAGACTCGC.1","5"
"GGTGAAGGTTCCACAA.1","5"
"GTAACGTAGAAACCAT.1","6"
"GTACGTAAGTATGACA.1","7"
"GTACGTAAGTCACGCC.1","0"
"GTACGTACATGACGGA.1","0"
"GTACGTAGTAGCTAAA.1","5"
"GTACTCCAGAAGAAGC.1","2"
"GTACTCCGTCCCGACA.1","2"
"GTACTCCGTGCAGTAG.1","1"
"GTACTTTGTATAGTAG.1","1"
"GTAGGCCAGACTAGGC.1","7"
"GTAGGCCAGGACAGCT.1","1"
"GTATCTTAGATGTAAC.1","6"
"GTATCTTAGGACCACA.1","5"
"GTATCTTCAGAGTGTG.1","0"
"GTATCTTGTATGCTTG.1","9"
"GTATTCTAGCGAAGGG.1","0"
"GTATTCTCAGGTCCAC.1","7"
"GTATTCTGTCATGCCG.1","0"
"GTCAAGTAGTCATGCT.1","5"
"GTCAAGTGTGGTTTCA.1","0"
"GTCAAGTTCTTCGAGA.1","3"
"GTCACAAAGATCACGG.1","6"
"GTCACGGCACACGCTG.1","3"
"GTCCTCAAGGCAAAGA.1","0"
"GTCGGGTCACGGTGTC.1","3"
"GTCTCGTAGGTACTCT.1","6"
"GTCTCGTAGTACCGGA.1","3"
"GTCTTCGAGCGATTCT.1","1"
"GTCTTCGGTCTTGTCC.1","4"
"GTGAAGGCAAACGTGG.1","8"
"GTGCAGCAGTCTCGGC.1","0"
"GTGCAGCTCAATACCG.1","0"
"GTGCAGCTCCCTTGCA.1","0"
"GTGCTTCCAGTAACGG.1","5"
"GTGCTTCCATTTGCCC.1","3"
"GTGCTTCTCACCGGGT.1","6"
"GTGGGTCAGTGTACCT.1","7"
"GTGGGTCTCAACACAC.1","4"
"GTGGGTCTCATATCGG.1","0"
"GTGTTAGCAGACAAAT.1","4"
"GTGTTAGTCCTCTAGC.1","0"
"GTTACAGAGCGGCTTC.1","5"
"GTTACAGAGGTGTGGT.1","2"
"GTTCATTTCCGTACAA.1","0"
"GTTCTCGAGAGCAATT.1","1"
"GTTTCTACAGCTCCGA.1","0"
"GTTTCTATCCAAGTAC.1","5"
"TAAACCGAGGCCCGTT.1","0"
"TAAACCGGTGTGGCTC.1","0"
"TAAGAGAGTTGTCTTT.1","8"
"TAAGCGTAGCGGCTTC.1","0"
"TAAGCGTAGTCTCAAC.1","2"
"TAAGTGCGTAAGAGGA.1","3"
"TACACGAAGAGCTGCA.1","6"
"TACACGAGTCCTCTTG.1","7"
"TACCTTAAGTGTACCT.1","2"
"TACCTTAGTAATTGGA.1","7"
"TACCTTAGTTACGGAG.1","1"
"TACGGATTCTTGGGTA.1","0"
"TACGGGCGTCGCGGTT.1","1"
"TACGGTAGTCATATGC.1","3"
"TACGGTAGTTATTCTC.1","1"
"TACGGTATCACCCTCA.1","6"
"TACGGTATCTGGCGTG.1","2"
"TACTCATAGCATGGCA.1","2"
"TACTCATGTGGTGTAG.1","6"
"TACTCGCCATACTCTT.1","0"
"TACTCGCTCTTTCCTC.1","0"
"TACTTACTCCTGTAGA.1","4"
"TAGAGCTGTAAACCTC.1","4"
"TAGGCATCACCAGCAC.1","0"
"TAGTTGGGTTATGTGC.1","3"
"TATCAGGTCCGAACGC.1","1"
"TATCAGGTCGTAGGTT.1","1"
"TATCTCATCCGCATAA.1","4"
"TATGCCCCAGTATGCT.1","0"
"TATGCCCGTGTAATGA.1","1"
"TATTACCTCACTCTTA.1","4"
"TCAATCTCAGTCCTTC.1","0"
"TCACAAGCACGACGAA.1","3"
"TCACAAGCAGTCTTCC.1","2"
"TCACAAGGTCCTGCTT.1","7"
"TCACGAAAGAGTAAGG.1","0"
"TCACGAAAGTGGTAGC.1","1"
"TCACGAAGTCGATTGT.1","0"
"TCAGCAACACGAAAGC.1","0"
"TCAGCAAGTCCAGTTA.1","1"
"TCAGCAAGTTCTGGTA.1","4"
"TCAGCTCAGTGGTAGC.1","0"
"TCAGCTCCAGCCTTTC.1","4"
"TCAGGATGTGTCAATC.1","0"
"TCAGGATTCACCCGAG.1","1"
"TCAGGATTCGTCGTTC.1","4"
"TCAGGTAAGAAACGAG.1","2"
"TCAGGTAGTCTAGGTT.1","0"
"TCATTACGTACATCCA.1","6"
"TCATTACGTCCTAGCG.1","9"
"TCATTACGTTGCGTTA.1","9"
"TCATTTGTCGTCCGTT.1","2"
"TCCACACTCTGCAGTA.1","1"
"TCCCGATGTCCCTACT.1","8"
"TCCCGATTCGCTTGTC.1","1"
"TCGAGGCAGGTTCCTA.1","3"
"TCGAGGCGTCCGTGAC.1","5"
"TCGCGTTGTAATAGCA.1","6"
"TCGGGACGTACCGGCT.1","0"
"TCGGGACGTGTAATGA.1","0"
"TCGGTAACACCAGGTC.1","9"
"TCGGTAACATATGGTC.1","2"
"TCGGTAAGTGCACCAC.1","0"
"TCGTACCTCTACTATC.1","0"
"TCGTACCTCTCTGAGA.1","4"
"TCGTAGAAGCTTATCG.1","2"
"TCTATTGAGACTTGAA.1","5"
"TCTTCGGCACACAGAG.1","0"
"TCTTCGGTCATCGCTC.1","8"
"TCTTTCCTCAACTCTT.1","5"
"TCTTTCCTCTGCAGTA.1","3"
"TGAAAGAAGTACCGGA.1","7"
"TGAAAGACAAACTGTC.1","1"
"TGAAAGAGTCAGATAA.1","1"
"TGAAAGATCAGCCTAA.1","3"
"TGACAACCAGTAAGAT.1","0"
"TGACAACTCGTAGATC.1","1"
"TGACGGCGTCATATCG.1","0"
"TGACGGCGTCGACTGC.1","0"
"TGACGGCTCACCAGGC.1","3"
"TGACTTTAGCTAACAA.1","4"
"TGACTTTCATCCGCGA.1","0"
"TGACTTTCATTAGCCA.1","0"
"TGAGAGGCAACACCTA.1","4"
"TGAGAGGCATCCGCGA.1","1"
"TGAGAGGGTTATGCGT.1","1"
"TGAGAGGGTTCGGGCT.1","3"
"TGAGAGGTCCCACTTG.1","1"
"TGAGCATAGAATTCCC.1","3"
"TGAGCATAGGCTCTTA.1","0"
"TGAGCATGTCAAAGAT.1","0"
"TGAGCATGTGAAGGCT.1","1"
"TGAGCCGAGGTGGGTT.1","3"
"TGAGGGAAGGCCCGTT.1","9"
"TGATTTCAGTGGGTTG.1","0"
"TGATTTCGTGCGGTAA.1","0"
"TGCCCATAGTCGAGTG.1","4"
"TGCCCATGTATAGGGC.1","0"
"TGCCCTAAGCAAATCA.1","7"
"TGCCCTAAGGGTTCCC.1","4"
"TGCCCTAGTAATAGCA.1","9"
"TGCGGGTAGTGCTGCC.1","0"
"TGCGTGGGTCCGAAGA.1","3"
"TGCTACCAGCCCAACC.1","8"
"TGCTGCTCAGTAACGG.1","0"
"TGCTGCTGTCAAGCGA.1","0"
"TGGACGCTCAGTTAGC.1","0"
"TGGCCAGCAAACTGTC.1","0"
"TGGCCAGCATCCCATC.1","1"
"TGGCGCAAGATATACG.1","0"
"TGGCGCACATCCGTGG.1","7"
"TGGCGCAGTCGAACAG.1","3"
"TGGGAAGCATGCATGT.1","1"
"TGGGAAGGTGTATGGG.1","0"
"TGGGAAGTCATAAAGG.1","9"
"TGGGCGTTCATGCAAC.1","6"
"TGGTTAGTCGTAGATC.1","0"
"TGGTTCCTCTTGAGGT.1","9"
"TGTATTCCACCACCAG.1","0"
"TGTCCCACACAGGTTT.1","0"
"TGTGGTAGTGACCAAG.1","9"
"TGTGGTATCCTTTACA.1","4"
"TGTGGTATCGTTTGCC.1","7"
"TGTGTTTGTACTTCTT.1","7"
"TGTGTTTTCTGAAAGA.1","0"
"TTAACTCTCAGTGTTG.1","1"
"TTAACTCTCTCCCTGA.1","1"
"TTAGGACTCAAGGCTT.1","2"
"TTAGTTCGTCCAGTGC.1","6"
"TTATGCTCAGGATTGG.1","0"
"TTCCCAGCAATCTGCA.1","0"
"TTCCCAGCAGCTGGCT.1","0"
"TTCCCAGTCCGCGTTT.1","0"
"TTCCCAGTCTAACTTC.1","2"
"TTCGAAGAGTTGAGAT.1","7"
"TTCGGTCTCCGAAGAG.1","8"
"TTCTACAAGATGCCAG.1","4"
"TTCTACAAGGGAAACA.1","3"
"TTCTACATCAGCCTAA.1","8"
"TTCTCCTAGTTAAGTG.1","3"
"TTCTTAGAGCGTTCCG.1","7"
"TTGACTTCATTAACCG.1","4"
"TTGCCGTGTTATGTGC.1","0"
"TTGCCGTTCTCGTATT.1","6"
"TTGCGTCAGAGTAAGG.1","5"
"TTGCGTCGTAAGGGCT.1","1"
"TTGCGTCGTTGCCTCT.1","7"
"TTGGAACAGCTGAACG.1","7"
"TTGGAACGTCATATGC.1","9"
"TTGGAACGTGCCTGGT.1","6"
"TTGGCAACATTCCTCG.1","0"
"TTGTAGGAGAAACCGC.1","9"
"TTGTAGGCACGGCCAT.1","6"
"TTGTAGGCATCCCACT.1","0"
"TTTACTGTCGCCATAA.1","0"
"TTTATGCAGGGAGTAA.1","3"
"TTTATGCGTCGCATAT.1","6"
"TTTATGCTCAAAGTAG.1","1"
"TTTATGCTCGTTGACA.1","5"
"TTTGCGCAGAAGGCCT.1","0"
"TTTGCGCAGGTGGGTT.1","6"
"TTTGCGCCACAACGTT.1","1"
"TTTGTCACAGATCTGT.1","0"
